YEAR,POP,B,D,CBR,CDR,LE,LMF,LMHS,LMC,LMP,FPC,SOPC,IOPC,PPOLX,HSAPC,EHSPC,AIOPC,DIOPC,PLE,DTF,DCFS,CMPLE,MTF,FCE,TF,FPU
1900,1641572708.475641,66192700.79462778,34619992.31898677,40.322734687819036,21.08952721998819,46.504920774260874,1.0260869565217392,1.6400000000000001,0.99195,0.995,260.0,600.0,200.0,0.5,68.0,68.0,200.0,200.0,28.06245410761313,4.028502569973664,2.8,1.4387509178477373,10.380590492911304,0.7515964961943704,5.606383466512798,0.16415727084756412
1901,1674768189.9047735,68428710.08993158,35233228.660799205,40.858615838543244,21.037674869381505,46.59160601713657,1.0275652173913044,1.640225,0.9924077262233002,0.994825,261.7,605.0,205.0,0.5175,68.9,68.045,201.66666666666666,200.016875,28.22200464472132,4.161902201113679,2.8991490919421485,1.4355599071055736,10.390992722056389,0.755599095459838,5.684297558894626,0.16747681899047737
1902,1708932465.8004782,70037906.97950931,35873631.083804674,40.983425841057425,20.991836600752485,46.68521527671214,1.0290434782608695,1.64066375,0.9928822351929047,0.99465,263.4,610.0,210.0,0.535,69.8,68.13275,204.44444444444443,200.07678125,28.493805167346807,4.237356604069079,2.9629297251698374,1.4301238966530638,10.402225833205458,0.7623149108158664,5.70265409660488,0.17089324658004784
1903,1743504667.851618,71099026.0494172,36526823.99827728,40.77937235294406,20.950230115120007,46.78568456652779,1.0305217391304349,1.6413055625,0.9933778866950231,0.994475,265.1,615.0,215.0,0.5525,70.7,68.2611125,207.96296296296296,200.20984062500003,28.879764423550842,4.271072444400317,3.0027125260357304,1.422404711528983,10.414282147983336,0.7717401477819141,5.673320583484887,0.1743504667851618
1904,1777997807.3219583,71673704.9705916,37180565.50025131,40.31146983164585,20.9114799507279,46.89290344010054,1.032,1.642140284375,0.9938977336625193,0.9943,266.8,620.0,220.0,0.5700000000000001,71.6,68.428056875,211.97530864197532,200.44653359375002,29.373178731380264,4.274991347988977,3.02646450116282,1.4125364253723947,10.427148412812066,0.7836890146891976,5.6057705044676736,0.17779978073219582
1905,1811983468.1410172,71809989.25524327,37824328.43618433,39.63059846727844,20.874543891390882,47.006725058495725,1.0334782608695652,1.64315827015625,0.9944437568521188,0.994125,268.5,625.0,225.0,0.5875,72.5,68.63165403125,216.31687242798355,200.81535939453127,29.962122172442506,4.257749641684374,3.039604977871771,1.4007575565511499,10.440807007019487,0.7978797173732267,5.507470943863459,0.18119834681410174
1906,1845290068.2134738,71755567.28267854,38448967.21022188,38.88579281855076,20.836272774960754,47.12697374246481,1.0349565217391303,1.6443503566484374,0.9950170454626122,0.99395,270.2,630.0,230.0,0.605,73.4,68.87007132968749,220.87791495198903,201.3414232654297,30.631885502455642,4.244805898707302,3.045751113165913,1.3936811449754436,10.455236849095778,0.8139789302014508,5.400076908008587,0.1845290068213474
1907,1877636064.6298,71396922.2576441,39050925.841317855,38.024899288308525,20.797920628467075,47.25342686398138,1.0364347826086957,1.6457078388160156,0.995617436087993,0.993775,271.9,635.0,235.0,0.6225,74.3,69.14156776320311,225.58527663465935,202.04569028246095,31.3666919265676,4.224555920191714,3.0472878263526813,1.386333080734324,10.470411223677766,0.8316405177034365,5.276104885585871,0.18776360646298001
1908,1908786953.4751263,70775274.91856642,39624386.07324018,37.07866652677679,20.75893593106358,47.38587144692287,1.0379130434782609,1.6472224468752148,0.9962447278707404,0.9936,273.6,640.0,240.0,0.64,75.2,69.44448937504296,230.39018442310623,202.94470788062307,32.150868181459394,4.1985746763240614,3.045775204337817,1.378491318185406,10.486304573630743,0.8502652570389573,5.140066296305742,0.19087869534751264
1909,1939373654.7662222,70751327.10260013,40164625.81150423,36.48153460717641,20.710101796420343,47.52408157449828,1.039391304347826,1.648886324531454,0.9968982212006029,0.993425,275.3,645.0,245.0,0.6575,76.1,69.77726490629081,235.2601229487375,204.0506479712367,32.96960957139569,4.168777934121697,3.042228750193715,1.370303904286043,10.502889788939795,0.8601709198366035,5.054470968432977,0.19393736547662221
1910,1969284467.3227258,70596028.94434518,40685216.38784172,35.848568409378466,20.659898081232484,47.66777289024768,1.0408695652173914,1.6506920083048813,0.9975757829315423,0.99325,277.0,650.0,250.0,0.675,77.0,70.13840166097627,240.17341529915834,205.37155754011945,33.809446036653675,4.1365262262951985,3.0373077323765667,1.3619055396334632,10.520132746829722,0.8704010069791117,4.963835203198049,0.19692844673227258
1911,1998424827.9802878,70324351.9964772,41183991.33891507,35.18989106412907,20.60822642027409,47.816746344882155,1.0423478260869565,1.6526324078896373,0.9982768760910926,0.993075,278.7,655.0,255.0,0.6925,77.9,70.52648157792746,245.1156101994389,206.91173597683667,34.65849208831945,4.1027965133891,3.031439930510048,1.3534150791168056,10.53800956138586,0.8808380882217627,4.869628802888651,0.1998424827980288
1912,2026714834.2001657,69949196.46061769,41659190.24073967,34.51358586824714,20.555032971464033,47.97080347533911,1.0438260869565217,1.6547007874951554,0.9990007875860099,0.9929,280.4,660.0,260.0,0.71,78.8,70.94015749903109,250.0770734662926,208.67217995806035,35.506543480530404,4.068297225974389,3.024903464642127,1.344934565194696,10.556496417040693,0.8913835235157831,4.7730225608357575,0.2026714834200166
1913,2054087209.844807,69481776.68325245,42109401.03861122,33.82610842920444,20.500298544672173,48.12974737735684,1.045304347826087,1.6568907481203976,0.9997466606457249,0.992725,282.1,665.0,265.0,0.7275,79.7,71.37814962407953,255.05138231086173,210.65105393758628,36.34506821857864,4.033545605769595,3.0178801126216843,1.3365493178142136,10.575569685282822,0.9019564873986575,4.674948626047636,0.2054087209844807
1914,2080485571.9430103,68931874.20494701,42533512.10674355,33.13258939862296,20.444031278246545,48.29338345466981,1.0467826086956522,1.6591962107143778,1.0005135218024612,0.99255,283.8,670.0,270.0,0.745,80.6,71.83924214287555,260.0342548739078,212.844157338524,37.16712758622457,3.9989201691767025,3.010489870850669,1.3283287241377544,10.595206014560379,0.9124924390193198,4.576145055037612,0.20804855719430104
1915,2105862913.4906578,68308012.56684841,42930671.01920086,32.4370651713609,20.38626101641127,48.46151999377106,1.0482608695652174,1.6616114001786588,1.0013003034824643,0.992375,285.5,675.0,275.0,0.7625,81.5,72.32228003573177,265.0228365826052,215.24536932026177,37.96725362606316,3.9646968106199916,3.0028132561837095,1.3203274637393685,10.615382399252528,0.9229413147094692,4.477189898360695,0.21058629134906579
1916,2130180253.296368,67617588.05400674,43300248.2482966,31.742660251108447,20.32703485129543,48.633968595630414,1.0497391304347825,1.664130830169726,1.0021058629134907,0.9922,287.2,680.0,280.0,0.78,82.4,72.82616603394517,270.01522438840345,217.8470592348369,38.74130236706417,3.931074129257927,2.9949056330355743,1.3125869763293583,10.63607623147565,0.9332656304126029,4.378528217631599,0.2130180253296368
1917,2153405425.620709,66866977.09687405,43641804.77253293,31.05173614838458,20.26641349245853,48.810544485938635,1.0512173913043479,1.6667492886612396,1.0029289978482825,0.992025,288.9,685.0,285.0,0.7975000000000001,83.3,73.34985773224791,275.010149592269,220.64045617268778,39.486296618051945,3.8981916090104805,2.986806372050015,1.3051370338194805,10.657265338312637,0.9434386169437102,4.280494167319245,0.2153405425620709
1918,2175660137.9064207,66209775.31624242,43955063.03053082,30.43203952799094,20.203092507282683,48.99106672023133,1.052695652173913,1.6694618242281776,1.0037684594948362,0.99185,290.6,690.0,290.0,0.8150000000000001,84.2,73.89236484563551,280.006766394846,223.6159747826506,40.20026797870768,3.866143000911323,2.978544670860431,1.2979973202129234,10.67892800642776,0.9520654790537079,4.192710586460835,0.21756601379064208
1919,2197209203.5790315,65791945.26657111,44242879.593960464,29.943414199887155,20.135943141824317,49.175373706991195,1.0541739130434782,1.6722637330167687,1.004623277793051,0.991675,292.3,695.0,295.0,0.8325,85.1,74.45274660335373,285.0045109298973,226.7634971940525,40.88210462851138,3.834986424630824,2.9701432273172355,1.2911789537148863,10.701044844838943,0.9579600351764421,4.123635279092867,0.21972092035790317
1920,2218045610.9235907,65347361.949567966,44510954.605009004,29.461685380922994,20.067646213314212,49.363335904096076,1.0556521739130436,1.6751505463659302,1.0054930230089476,0.9915,294.0,700.0,300.0,0.8500000000000001,86.0,75.03010927318604,290.00300728659823,230.07261265049056,41.53140912809259,3.804752171276278,2.961620537326431,1.284685908719074,10.723600308491529,0.9637441304409025,4.055601026838359,0.22180456109235908
1921,2238164075.9301243,64877906.00815287,44759441.00161907,28.98710899074334,19.99828407710377,49.5548103660043,1.0571304347826087,1.6781180190476337,1.0063768811314053,0.991325,295.7,705.0,305.0,0.8675,86.9,75.62360380952674,295.0020048577322,233.53281760403743,42.14836855174681,3.7754488537300093,2.9529923169248633,1.278516314482532,10.746577243920516,0.9694178736026132,3.9886407832912267,0.22381640759301244
1922,2257560538.0603104,64384993.21446627,44988531.08428017,28.519719462223442,19.92794005999688,49.74965890167017,1.0586086956521739,1.681162118095252,1.007274033246773,0.99115,297.4,710.0,310.0,0.885,87.8,76.23242361905041,300.00133657182147,237.13367968465468,42.73363812559137,3.7470683302091117,2.944272370971729,1.2726636187440863,10.769959068200421,0.9749835522973507,3.9227561090774916,0.22575605380603106
1923,2276266486.293483,63904393.309022315,45198445.07584992,28.07421437420531,19.85639438440619,49.94774785441795,1.0600869565217392,1.6842790121904894,1.0081836569504685,0.9909749999999999,299.1,715.0,315.0,0.9025000000000001,88.7,76.85580243809788,305.000891047881,240.86496928310078,43.2882386641453,3.7195896884814985,2.935473115729623,1.2671176133585471,10.793729742530154,0.9801483651453794,3.8600229337449186,0.22762664862934828
1924,2294670357.4116616,63793979.3857356,45390108.26755656,27.800934099176594,19.78066615143607,50.148954765117566,1.0615652173913044,1.687465061580965,1.009105065945174,0.9908,300.8,720.0,320.0,0.92,89.6,77.49301231619299,310.0005940319207,244.71676256649747,43.813467515525,3.6929824895161367,2.9266058879702492,1.26186532484475,10.817874571814109,0.9819358757677125,3.821687425232409,0.22946703574116617
1925,2312778172.822,63679267.86416948,45571452.45383085,27.53366864685923,19.704203796694255,50.353241642592536,1.0630434782608695,1.6907168085019166,1.010039182813676,0.990625,302.5,725.0,325.0,0.9375,90.5,78.14336170038334,315.00039602128044,248.67951965978617,44.31082256447636,3.6672094061175637,2.9176811249312045,1.2568917743552364,10.842388997111104,0.9836923681410875,3.7842195934090688,0.2312778172822
1926,2330595572.7060885,63560174.18880895,45742774.30472046,27.27207368501447,19.62707508776731,50.560513829248244,1.0645217391304347,1.6940309680768209,1.0109856963209045,0.9904499999999999,304.2,730.0,330.0,0.9550000000000001,91.4,78.80619361536417,320.00026401418694,252.74414153055574,44.78193800330624,3.6422283730881744,2.9087084682594297,1.2521806199669376,10.86726165950979,0.985420007957059,3.7475693009141855,0.23305955727060887
1927,2348127533.342589,63436319.67804657,45904359.041546136,27.01570454639837,19.549346613299452,50.770681071851214,1.066,1.6974044196729796,1.0119443023101187,0.990275,305.9,735.0,335.0,0.9725,92.3,79.48088393459595,325.00017600945796,256.90200885148084,45.22853078651767,3.6179943312975174,2.8996968250066666,1.2477146921348232,10.892481728622146,0.9871223841600882,3.7116723854325433,0.2348127533342589
1928,2365377918.133712,63306859.79215615,46056475.0010334,26.76395146281969,19.471085211352637,50.98365720107547,1.0674782608695652,1.7008341986893307,1.0129147014333841,0.9901,307.6,740.0,340.0,0.99,93.19999999999999,80.16683973786616,330.0001173396386,261.14500581486277,45.652356633916476,3.5944606315812226,2.8906544058893124,1.2434764336608353,10.918038864129056,0.9888058941697435,3.6764415413725255,0.2365377918133712
1929,2382345625.9369564,63170573.477441326,46202865.674196534,26.516124608324567,19.393855018843176,51.19548070488478,1.0689565217391304,1.7043174887548642,1.0138965952690355,0.98985,309.3,745.0,345.0,1.0075,94.1,80.86349775097284,335.0000782264257,265.4655315597679,46.05516136036938,3.5715805299769006,2.8815887528493738,1.2394483863963062,10.943457684586173,0.9904783638522445,3.641772861969041,0.23823456259369566
1930,2399026814.462257,63026068.67428493,46344880.148984626,26.271514888595462,19.31820014249105,51.40472082953809,1.0704347826086957,1.707851614317121,1.014889660162106,0.9895,311.0,750.0,350.0,1.025,95.0,81.5703228634242,340.00005215095047,269.8565015596088,46.43864086699782,3.549308397305886,2.8725067628022685,1.2356135913300217,10.968566499544572,0.9921480784659793,3.607563829765311,0.2399026814462257
1931,2415420802.5598154,62871941.01716291,46477952.91960435,26.02939452642474,19.242176299197197,51.61644745008444,1.0719130434782609,1.7114340336012648,1.0158935526458124,0.98915,312.7,755.0,355.0,1.0425,95.9,82.28680672025298,345.0000347673003,274.31134101725803,46.804430990191804,3.527600046642507,2.8634147112560986,1.231955690098082,10.993973694010133,0.9938231793871507,3.5737184972908023,0.24154208025598156
1932,2431525340.231949,62706766.84112425,46602229.16899059,25.789065737288393,19.165841456764376,51.8305850520784,1.073391304347826,1.7150623319212015,1.0169079456179186,0.9888,314.4,760.0,360.0,1.06,96.8,83.01246638424033,350.0000231782002,278.8239720326984,47.15409914075893,3.5064130014304484,2.8543182775371205,1.2284590085924108,11.019670206249408,0.9955112799458705,3.5401379097175525,0.2431525340231949
1933,2447336655.3776455,62529137.81655649,46717822.67085985,25.54987180826076,19.089250581118304,52.047060441209474,1.0748695652173912,1.7187342153251415,1.0179324993842107,0.9884499999999999,316.1,765.0,365.0,1.0775000000000001,97.7,83.74684306502832,355.0000154521335,283.38879604876894,47.489137789128655,3.4857067050252737,2.845222572203854,1.2251086221087135,11.045647252945137,0.9972192411366865,3.5067290767100254,0.24473366553776457
1934,2462849528.9178553,62337690.93566435,46824817.395454526,25.311205659833686,19.012455631436307,52.265802442087434,1.0763478260869566,1.7224475045588845,1.0189668590791767,0.9881,317.8,770.0,370.0,1.0950000000000002,98.6,84.4895009117769,360.0000103014223,288.00067284571054,47.81095973977668,3.4654426748599763,2.8361321665835977,1.2218904026022332,11.071896293050493,0.9989530618048749,3.4734061616823078,0.24628495289178554
1935,2478156606.396713,62230347.107137166,46923269.628279515,25.11154740846717,18.934747508353336,52.48674161941937,1.0778260869565217,1.7262001293309404,1.0200106524224575,0.98775,319.5,775.0,375.0,1.1125,99.5,85.24002586618806,365.0000068676149,292.65489714543617,48.12089506627829,3.445584605986523,2.827051124030033,1.2187910493372172,11.098408994330324,1.0,3.445584605986523,0.24781566063967128
1936,2493404547.7701306,62262995.28013922,47015053.906721584,24.971076328476844,18.8557664855338,52.709853556977826,1.0793043478260869,1.7299901228643932,1.0210643311543721,0.9873999999999999,321.2,780.0,380.0,1.1300000000000001,100.4,85.99802457287866,370.0000045784099,297.3471737012348,48.420189683547115,3.4260984254893114,2.8179830323568713,1.2157981031645289,11.12518242683734,1.0,3.4260984254893114,0.24934045477701308
1937,2508597552.658063,62296009.34476929,47103004.45683704,24.83300251918113,18.77662856161507,52.93514875584992,1.0807826086956522,1.7338156167211736,1.02212896536146,0.98705,322.9,785.0,385.0,1.1475,101.3,86.76312334423473,375.00000305227326,302.07359158678787,48.710005414128304,3.406952302542671,2.808931036871796,1.2128999458587169,11.152217850701991,1.0,3.406952302542671,0.2508597552658063
1938,2523739363.935849,62329087.93139355,47187276.65360732,24.697117627150458,18.69736523823019,53.16258386923223,1.0822608695652174,1.7376748358851148,1.0232045273620871,0.9867,324.6,790.0,390.0,1.165,102.2,87.53496717702299,380.0000020348488,306.8305982583236,48.99142107007562,3.3881166281725177,2.7998978734677675,1.2100857892992438,11.179510064307868,1.0,3.3881166281725177,0.25237393639358496
1939,2538833292.6011434,62361942.35329725,47268013.68800295,24.563228525101295,18.618006084036676,53.39211798900695,1.0837391304347825,1.7415660940908593,1.0242909913778826,0.98635,326.3,795.0,395.0,1.1825,103.1,88.31321881817185,385.00000135656586,311.6149738436333,49.26543438119099,3.3695639698439317,2.7908859012940317,1.20734565618809,11.207054158680833,1.0,3.3695639698439317,0.25388332926011437
1940,2559324127.108533,62382093.60200395,41891259.09461459,24.37444047873758,16.368094471075217,60.60532310253544,1.0852173913043477,1.9727438946931581,1.0253883329260114,0.986,328.0,800.0,400.0,1.2000000000000002,104.0,89.09755787726326,390.00000090437726,316.4238060095846,49.55652754307073,3.3506135091014846,2.7818971346078287,1.2044347245692926,12.036319386152126,1.0,3.3506135091014846,0.2559324127108533
1941,2579698164.7751594,62515567.39975467,42141529.73312841,24.233675184710375,16.33583738925572,60.731637966539935,1.086695652173913,1.9747191999585003,1.02546527506473,0.98565,329.7,805.0,405.0,1.2175,104.9,89.88767998340009,395.0000006029182,321.25446567375855,49.87814195639615,3.330898970423778,2.772933273488554,1.2012185804360385,12.043898277992398,1.0,3.330898970423778,0.25796981647751593
1942,2599932547.209577,62623005.75113371,42388623.31671617,24.086396325298878,16.3037396344034,60.85826721713423,1.0881739130434782,1.976708239960575,1.0255390118312742,0.9853,331.4,810.0,410.0,1.235,105.8,90.68329598423009,400.00000040194544,326.10458375403095,50.23602008041112,3.3102712948550668,2.7639957331725507,1.1976397991958887,12.051496033028053,1.0,3.3102712948550668,0.25999325472095774
1943,2620003764.478794,62703421.653854944,42632204.384638034,23.932569297788294,16.27181035486756,60.985177396701296,1.0896521739130436,1.9787103279625464,1.0256093355900144,0.98495,333.1,815.0,415.0,1.2525,106.7,91.48413118501858,405.0000002679636,330.97202909054346,50.63070596566188,3.288726316511163,2.7550856718354377,1.1936929403433811,12.059110643802079,1.0,3.288726316511163,0.26200037644787944
1944,2639889428.534259,62757593.76133599,42871929.70587125,23.772811498465213,16.24004749686617,61.112335797658034,1.0911304347826087,1.9807248115644192,1.0256760368918922,0.9846,334.8,820.0,420.0,1.27,107.6,92.28992462576765,410.00000017864244,335.8548876259207,51.05939475043557,3.266351678861071,2.746204016708611,1.1894060524956442,12.066740147859482,1.0,3.266351678861071,0.2639889428534259
1945,2659569386.7564955,62787434.82152929,43107476.59929257,23.608120598087623,16.208442168852276,61.239711455937595,1.092608695652174,1.9827510709861982,1.025738921928209,0.98425,336.5,825.0,425.0,1.2875,108.5,93.10042839447927,415.000000119095,340.75144289028907,51.517281291084856,3.243288464154486,2.7373514884668557,1.1848271870891514,12.074382687356255,1.0,3.243288464154486,0.26595693867564957
1946,2679026351.6468935,62795525.295470454,43338560.405072615,23.43968182950787,16.17698175250529,61.367275744701544,1.094086956521739,1.9847885174368882,1.025797823051538,0.9839,338.2,830.0,430.0,1.3050000000000002,109.4,93.9154069747553,420.00000007939667,345.660157806284,51.998526027497746,3.219703993922936,2.728528623865512,1.1800147397250225,12.082036544682094,1.0,3.219703993922936,0.2679026351646894
1947,2698246182.307656,62784774.72086281,43564944.06010038,23.268734755390845,16.145652070502244,61.495002678094124,1.0955652173913042,1.9868365915650439,1.0258526042933924,0.98355,339.9,835.0,435.0,1.3225000000000002,110.3,94.73463662601753,425.0000000529311,350.57965780459125,52.49693060684264,3.1957730404351814,2.7197357966389286,1.1750306939315736,12.089700160685648,1.0,3.1957730404351814,0.2698246182307656
1948,2717217921.537126,62758181.271106996,43786442.04163697,23.09648437605063,16.114438851068318,61.62286900912995,1.0970434782608696,1.9888947619867916,1.0259031633501534,0.9832,341.6,840.0,440.0,1.34,111.2,95.55790479471666,430.0000000352874,355.5087152215858,53.00639543864067,3.171665308306782,2.710973236698034,1.1699360456135932,12.097372140547797,1.0,3.171665308306782,0.2717217921537126
1949,2735933667.3823256,62718666.24802575,44002920.402826086,22.924044904945898,16.083328674019718,61.75085418563748,1.0985217391304347,1.990962523887452,1.0259494311506796,0.98285,343.3,845.0,445.0,1.3575,112.1,96.38500955498083,435.00000002352493,360.4462349363765,53.52121520771587,3.1475375345014265,2.7022410476847005,1.1647878479228413,12.10505125113825,1.0,3.1475375345014265,0.2735933667382326
1950,2754388338.4240246,62668965.242445104,44214294.20074626,22.75240726523782,16.052309539636052,61.87894021241999,1.1,1.9930393976930794,1.0259913698401322,0.9824999999999999,345.0,850.0,450.0,1.375,113.0,97.21575907723178,440.00000001568327,365.39124119421746,54.036255598565965,3.123528939860056,2.6935392229551267,1.1596374440143404,12.1127364127452,1.0,3.123528939860056,0.2754388338424025
1951,2772579376.796834,62611561.66069085,44420523.28788149,22.58242349513041,16.02137116781147,62.00711145551629,1.1014782608695652,1.9951249278084255,1.026028969798107,0.98215,346.7,855.0,455.0,1.3925,113.9,98.0499711233702,445.0000000104555,370.34286555611476,54.54704441353663,3.099759067141196,2.684867660074556,1.1545295558646338,12.120426687330976,1.0,3.099759067141196,0.27725793767968343
1952,2790506421.0745106,62548651.45935692,44621607.18168051,22.414802914258114,15.990505108566833,62.135354414914985,1.1029565217391304,1.9972186814180042,1.0260622461418902,0.9818,348.4,860.0,460.0,1.4100000000000001,114.8,98.88747256720168,450.0000000069703,375.30033590992855,55.04980235521553,3.0763272763334073,2.6762261739120956,1.1495019764478447,12.128121264894897,1.0,3.0763272763334073,0.27905064210745106
1953,2808170971.970816,62482130.42509456,44817579.52878893,22.250116196181484,15.959704724579248,62.26365748471549,1.1044347826086955,1.999320247347104,1.0260912350370466,0.9814499999999999,350.1,865.0,465.0,1.4275000000000002,115.7,99.7280989388416,455.0000000046469,380.26296647583786,55.54143255293919,3.053313351356517,2.6676145084278904,1.1445856744706082,12.13581944908293,1.0,3.053313351356517,0.28081709719708164
1954,2825543985.2347913,62413679.65538298,45040666.39140803,22.089084431717545,15.940529196067475,62.347456131477294,1.105913043478261,2.0,1.0261159900393286,0.9811,351.8,870.0,470.0,1.445,116.6,100.57169399189952,460.0000000030979,385.2301487382654,56.01933271997219,3.0307828125828173,2.6590323472460358,1.139806672800278,12.14084736788864,1.0,3.0307828125828173,0.28255439852347913
1955,2842613986.828749,62344075.56030986,45274073.96635197,21.93195271998981,15.926915921799225,62.409757675767295,1.107391304347826,2.0,1.0261362818634219,0.98075,353.5,875.0,475.0,1.4625000000000001,117.5,101.41810929230455,465.0000000020653,390.2013432368831,56.48133618098585,3.008788712389032,2.650479323105867,1.1351866381901417,12.144585460546038,1.0,3.008788712389032,0.2842613986828749
1956,2859385833.265323,62274254.28399126,45502407.84741748,21.77889166250647,15.91335010408695,62.47172669105429,1.1088695652173912,2.0,1.0261520486788245,0.9803999999999999,355.2,880.0,480.0,1.48,118.4,102.26720382768933,470.00000000137686,395.1760721508355,56.925727935130276,2.987371414249781,2.641955026282152,1.1307427206486973,12.148303601463258,1.0,2.987371414249781,0.2859385833265323
1957,2875865344.258579,62205272.00364,45725761.010384396,21.630105918494255,15.899826847481577,62.533367845227374,1.1103478260869566,2.0,1.0261633803743777,0.98005,356.9,885.0,485.0,1.4975,119.3,103.11884363630486,475.0000000009179,400.1539126125737,57.351232885425944,2.9665591095548938,2.633459012061475,1.1264876711457406,12.152002070713642,1.0,2.9665591095548938,0.2875865344258579
1958,2892059076.0404315,62137972.64390906,45944240.862056166,21.48572038472438,15.886342448080013,62.59468630449526,1.1118260869565217,2.0,1.026170374632753,0.9797,358.6,890.0,490.0,1.5150000000000001,120.2,103.97290145448962,480.0000000006119,405.13449069047783,57.756986206866884,2.946368793971506,2.6249908073581687,1.1224301379313313,12.155681178269717,1.0,2.946368793971506,0.2892059076040432
1959,2907974111.849596,62073001.46270377,46157965.65353942,21.345788880913624,15.872894282466971,62.65568759568299,1.113304347826087,2.0,1.026173134638166,0.9793499999999999,360.3,895.0,495.0,1.5325000000000002,121.1,104.82925638176513,485.00000000040797,410.11747598259683,58.14249316214713,2.9268075018192574,2.616549916548666,1.1185750683785287,12.15934125574098,1.0,2.9268075018192574,0.2907974111849596
1960,2923617873.6074615,62010822.94082734,46367061.182962,21.21030367908922,15.859480680267401,62.71637748130903,1.114782608695652,2.0,1.0261717670066464,0.979,362.0,900.0,500.0,1.55,122.0,105.68779356267687,490.000000000272,415.102576767208,58.507583629852846,2.9078736552900146,2.6081358265983527,1.1149241637014715,12.162982648878543,1.0,2.9078736552900146,0.29236178736074614
1961,2938997956.681653,61951740.92144775,46571657.84725601,21.079205169436683,15.846100791386352,62.77676184936844,1.1162608695652174,2.0,1.0261663799687868,0.97865,363.7,905.0,505.0,1.5675000000000001,122.9,106.54840388454303,495.00000000018133,420.0895356593915,58.85236505270459,2.889558429427215,2.5997480115500444,1.1114763494729543,12.166605710962108,1.0,2.889558429427215,0.2938997956681653
1962,2954121988.126969,61895919.51482101,46771888.069505185,20.952391188850495,15.83275445546527,62.83684661851081,1.1177391304347826,2.0,1.0261570818144667,0.9783,365.4,910.0,510.0,1.5850000000000002,123.8,107.41098369031589,500.0000000001209,425.07812572633725,59.17717633723174,2.87184706676072,2.591385936438234,1.1082282366276826,12.170210797110649,1.0,2.87184706676072,0.2954121988126969
1963,2968997507.746878,61843403.72476924,46967884.10486006,20.829725711592513,15.819442078448626,62.89663765843962,1.119217391304348,2.0,1.0261439795949236,0.97795,367.1,915.0,515.0,1.6025,124.7,108.27543450580009,505.0000000000806,430.0681470175905,59.482544356984356,2.854720099883542,2.5830490606883156,1.1051745564301565,12.173798259506377,1.0,2.854720099883542,0.29689975077468783
1964,2983631870.6267486,61794139.09179063,47159776.21192008,20.711046728030162,15.806164519221868,62.95614072478223,1.120695652173913,2.0,1.0261271780681724,0.9776,368.8,920.0,520.0,1.62,125.6,109.14166278051009,510.0000000000537,435.05942346984364,59.76914406229865,2.8381544580384683,2.5747368410551887,1.1023085593770137,12.177368443486934,1.0,2.8381544580384683,0.2983631870626749
1965,2998042771.9709806,61758592.51021951,47347691.165987484,20.599636898981938,15.79286713606826,63.01536140731736,1.1221739130434782,2.0,1.026106778867984,0.97725,370.5,925.0,525.0,1.6375000000000002,126.5,110.00957964148458,515.0000000000358,440.0518001491607,60.03776272795011,2.8226090270394195,2.5664487341510434,1.0998111863602495,12.180921684439042,1.0,2.8226090270394195,0.29980427719709807
1966,3012297178.1333795,61786321.070758425,47531914.9083595,20.511363061809643,15.779291383798144,63.07431076048887,1.1236521739130434,2.0,1.0260829721161475,0.9769,372.2,930.0,530.0,1.655,127.4,110.87910065941035,520.0000000000239,445.0451407966515,60.28926855329012,2.8103026072575785,2.558184198607712,1.0985536572335495,12.184458645629332,1.0,2.8103026072575785,0.30122971781333796
1967,3026397500.2843833,61813814.98040638,47713492.82940271,20.424883041503268,15.765771953260993,63.133025890678404,1.1251304347826085,2.0,1.0260563705908536,0.97655,373.9,935.0,535.0,1.6725,128.3,111.75014562643983,525.0000000000159,450.03932564657316,60.524583657698145,2.7982486752719735,2.5499426969148313,1.0973770817115094,12.187981553440704,1.0,2.7982486752719735,0.30263975002843835
1968,3040345945.6999993,61840916.20218302,47892470.78656684,20.3400919851392,15.752309652229473,63.191509032214,1.126608695652174,2.0,1.0260270185024456,0.9762,375.6,940.0,540.0,1.6900000000000002,129.2,112.62263834511784,530.0000000000106,455.03424948862283,60.74466111616002,2.786432452642516,2.5417236969711823,1.0962766944192,12.19149054193284,1.0,2.786432452642516,0.3040345945699999
1969,3054144509.0141797,61867454.570846304,48068891.25666606,20.25688515662802,15.73890531859011,63.24976229357844,1.128086956521739,2.0,1.025994957835735,0.97585,377.3,945.0,545.0,1.7075,130.1,113.49650642786195,535.000000000007,460.02981994878445,60.95046576617744,2.774839188867467,2.533526673382915,1.0952476711691128,12.194985737614708,1.0,2.774839188867467,0.305414450901418
1970,3067794968.2177553,61893252.422698066,48242793.21912231,20.175159377960366,15.725559797481873,63.307787655288344,1.1295652173913044,2.0,1.0259602283266205,0.9755,379.0,950.0,550.0,1.725,131.0,114.37168110646884,540.0000000000047,465.02595596551214,61.1429584565961,2.763454362366051,2.525351108539042,1.0942852077170195,12.198467259317301,1.0,2.763454362366051,0.3067794968217755
1971,3081298884.5775537,61918128.47228983,48414212.112491235,20.09481416496174,15.712273922796951,63.36558697040618,1.1310434782608696,2.0,1.02592286748144,0.97515,380.7,955.0,555.0,1.7425000000000002,131.9,115.2480970511454,545.0000000000031,470.0225864402661,61.323083380117346,2.752263838615479,2.517196493491473,1.0933845830994133,12.20193521822437,1.0,2.752263838615479,0.3081298884577554
1972,3094657605.734084,61941901.007646464,48583179.85111613,20.015752596627962,15.699048502521398,63.423161967171346,1.1325217391304347,2.0,1.0258829106304515,0.9748,382.4,960.0,560.0,1.7600000000000002,132.8,116.12569219858813,550.000000000002,475.01964904347824,61.49175812492011,2.741253990956835,2.5090623286640117,1.0925412093753994,12.205389718030283,1.0,2.741253990956835,0.30946576057340847
1973,3107872271.322103,61964390.47817952,48749724.890160784,19.93788195543171,15.685884307408305,63.48051425329546,1.134,2.0,1.0258403910078797,0.9744499999999999,384.1,965.0,565.0,1.7775,133.7,117.00440758865872,555.0000000000014,480.01708915891294,61.64986608990389,2.7304117893379973,2.5009481244121625,1.0917506695504806,12.208830855197728,1.0,2.7304117893379973,0.3107872271322103
1974,3120943820.5420885,61985421.548664816,48913872.32867934,19.86111417343563,15.67278206250547,63.537645321527435,1.1354782608695653,2.0,1.0257953398519735,0.9741,385.8,970.0,570.0,1.7950000000000002,134.6,117.88418720922579,560.0000000000009,485.0148589511173,61.79825092726529,2.7197248618950103,2.492853401453189,1.0910087453636736,12.212258719291647,1.0,2.7197248618950103,0.31209438205420886
1975,3133873001.1899304,62004824.68958577,49075644.041743875,19.7853661159985,15.659742441097602,63.594556556148405,1.1369565217391304,2.0,1.0257477865194722,0.97375,387.5,975.0,575.0,1.8125000000000002,135.5,118.7649778487645,565.0000000000006,490.0129165422314,61.937712701503386,2.709181533839042,2.484777691183761,1.090311436492483,12.215673393368906,1.0,2.709181533839042,0.3133873001189931
1976,3146660379.725603,62022437.36960247,49235058.83392976,19.71055973158787,15.646766060664985,63.65124924010974,1.1384347826086956,2.0,1.0256977586097575,0.9733999999999999,389.2,980.0,580.0,1.83,136.4,119.64672895632627,570.0000000000003,495.0112252858607,62.069005482633706,2.6987708476519416,2.476720535900536,1.0896549725868316,12.219074954406583,1.0,2.6987708476519416,0.3146660379725603
1977,3159306352.0284724,62038104.91050884,49392132.60763942,19.63662209290862,15.633853480504218,63.707724562573624,1.139913043478261,2.0,1.0256452820947637,0.97305,390.9,985.0,585.0,1.8475000000000001,137.3,120.52939250850996,575.0000000000002,500.0097531270132,62.192836121312844,2.688482568126231,2.4686814889372917,1.089035819393436,12.222463473754416,1.0,2.688482568126231,0.31593063520284725
1978,3171811154.5468884,62051681.05922919,49546878.54081346,19.56348535135082,15.621005200699447,63.763983626658614,1.141391304347826,2.0,1.0255903814514307,0.9727,392.6,990.0,590.0,1.8650000000000002,138.2,121.41292288308446,580.0000000000001,505.0084720382784,62.30986398328994,2.6783071753330283,2.460660114730636,1.0884506800835505,12.225839017599517,1.0,2.6783071753330283,0.31718111545468886
1979,3184174875.6028576,62063028.32550263,49699307.26953316,19.491086623737107,15.608221662173507,63.82002745722943,1.1428695652173912,2.0,1.0255330797941025,0.9723499999999999,394.29999999999995,995.0,595.0,1.8825,139.1,122.29727673893024,585.0000000000001,510.00735752348805,62.42070144913432,2.668235848175492,2.4526559888248856,1.0878964927543284,12.229201647433767,1.0,2.668235848175492,0.31841748756028576
1980,3196397466.6591334,62072018.12813495,49849427.071858935,19.41936782756009,15.595503247586235,63.87585700860326,1.1443478260869564,2.0,1.0254733990048228,0.972,396.0,1000.0,600.0,1.9000000000000001,140.0,123.18241290198372,590.0000000000001,515.006388181053,62.525915011916865,2.658260440792997,2.4446686978254544,1.0873704249404157,12.232551420516195,1.0,2.658260440792997,0.3196397466659134
1981,3208463182.6761827,62078549.99533828,50012833.97828902,19.348375362549273,15.587784908466135,63.91154454568033,1.1458260869565218,2.0,1.025091720113274,0.97165,397.7,1005.0,605.0,1.9175000000000002,140.7,124.05829225688454,595.0000000000001,520.0055453200326,62.62595957096897,2.648374273176356,2.4366978393089265,1.0868702021451553,12.23469267274082,1.0,2.648374273176356,0.3208463182676183
1982,3220371499.0939665,62082241.737760685,50173925.319977164,19.27797515138461,15.580166864007248,63.946824216256935,1.147304347826087,2.0,1.0247051665066067,0.9712999999999999,399.4,1010.0,610.0,1.935,141.4,124.92537764404031,600.0000000000001,525.0048126227629,62.721209926820556,2.638571725765002,2.428743021696993,1.0863939503658973,12.236809452975416,1.0,2.638571725765002,0.3220371499093967
1983,3232121826.5945616,62083024.64966648,50332697.149071425,19.208132607760827,15.572648510623475,63.981699402202175,1.1487826086956523,2.0,1.0243138048181595,0.97095,401.1,1015.0,615.0,1.9525000000000001,142.1,125.7841087618383,605.0000000000001,530.0041758485637,62.811983735493044,2.628847945047215,2.4208038641005105,1.0859400813225348,12.238901964132129,1.0,2.628847945047215,0.32321218265945617
1984,3243713522.0405073,62080839.83361855,50489144.38767261,19.138817103233475,15.56522918704351,64.01617349221141,1.1502608695652174,2.0,1.0239177015167997,0.9706,402.79999999999995,1020.0,620.0,1.9700000000000002,142.8,126.63490332374639,610.0000000000001,535.0036225736641,62.89855801618125,2.6191986324786005,2.412879996139148,1.0855072099190939,12.240970409532686,1.0,2.6191986324786005,0.3243713522040508
1985,3255145896.219472,62075635.17521902,50643260.996254325,19.07000090143846,15.55790818932922,64.05024988972212,1.1517391304347826,2.0,1.0235169230347936,0.97025,404.5,1025.0,625.0,1.9875,143.5,127.47815815755906,615.0000000000001,540.0031419630358,62.98118083426749,2.6096198953939598,2.4049710577413568,1.0850940958286626,12.243014993383328,1.0,2.6096198953939598,0.32551458962194724
1986,3266418219.383822,62067363.25743653,50795040.093086444,19.001658418726596,15.550684781163275,64.0839320188374,1.1532173913043477,2.0,1.0231115358631582,0.9699,406.2,1030.0,630.0,2.005,144.2,128.31425024968112,620.0000000000001,545.0027245703235,63.06007940943249,2.6001081435755555,2.397076698928789,1.0846996029528375,12.245035921130246,1.0,2.6001081435755555,0.3266418219383822
1987,3277529725.311063,62055979.96706258,50944474.03982193,18.933765722345353,15.54355820067716,64.1172233288845,1.154695652173913,2.0,1.0227016066247177,0.96955,407.9,1035.0,635.0,2.0225,144.9,129.14353773719708,625.0000000000001,550.0023621624963,63.135465606200356,2.590660019038815,2.3891965795887042,1.0843226719689982,12.24703339973307,1.0,2.590660019038815,0.3277529725311063
1988,3288479614.4103093,62041443.60362024,51091554.50437359,18.866300198958516,15.536527664786918,64.15012729805464,1.1561739130434783,2.0,1.0222872021321152,0.9692,409.6,1040.0,640.0,2.04,145.6,129.96636085033722,630.0000000000001,555.0020475662388,63.20753953534144,2.581272349630997,2.381330369237444,1.083962302323293,12.249007637883278,1.0,2.581272349630997,0.3288479614410309
1989,3299267056.247611,62023714.346427314,51236272.509125695,18.7992403430868,15.52959237176719,64.18264743643476,1.1576521739130434,2.0,1.0218683894358285,0.96885,411.29999999999995,1045.0,645.0,2.0575,146.3,130.78304280782035,635.0000000000001,560.0017745334482,63.2764918160971,2.571942119390307,2.3734777467775756,1.0836175409195146,12.250958846186087,1.0,2.571942119390307,0.3299267056247611
1990,3309891191.7484193,62002753.970998995,51378618.470190704,18.732565628009848,15.522751502610703,64.21478728864243,1.1591304347826088,2.0,1.0214452358656094,0.9684999999999999,413.0,1050.0,650.0,2.075,147.0,131.59389066742932,640.0000000000001,565.0015376235132,63.34250491070199,2.562666450427156,2.3656384002509787,1.08328747544649,12.252887237318546,1.0,2.562666450427156,0.330989119174842
1991,3320351135.25033,61978525.733577065,51518582.23166647,18.666256431612116,15.516004221578314,64.24655043620277,1.160608695652174,2.0,1.0210178090676025,0.96815,414.7,1055.0,655.0,2.0925000000000002,147.7,132.39919613405786,645.0000000000001,570.0013321003261,63.40575383576336,2.5534425924809008,2.35781202658976,1.0829712308211832,12.254793026172166,1.0,2.5534425924809008,0.332035113525033
1992,3330645976.516712,61950994.3639288,51656153.09754682,18.60029399723803,15.509349676236186,64.27794049975462,1.162086956521739,2.0,1.020586177038552,0.9678,416.4,1060.0,660.0,2.1100000000000003,148.4,133.19923632735498,650.0000000000001,575.0011538422206,63.46640647299731,2.5442679173663865,2.349998331366634,1.0826679676350135,12.256676429985276,1.0,2.5442679173663865,0.33306459765167123
1993,3340774782.776702,61920126.122972116,51791319.86298221,18.534660415362357,15.502786997193386,64.30896114113685,1.1635652173913043,2.0,1.020150408157926,0.9674499999999999,418.1,1065.0,665.0,2.1275000000000004,149.1,133.99427451098722,655.0000000000001,580.0009992632457,63.52462363926225,2.5351399163276103,2.3421970285461158,1.0823768818036887,12.258537668468211,1.0,2.5351399163276103,0.3340774782776702
1994,3350736600.8251123,61885888.894308336,51924070.845897846,18.46933861619235,15.496315297690556,64.33961606538084,1.1650434782608694,2.0,1.0197105712183825,0.9671,419.79999999999995,1070.0,670.0,2.1450000000000005,149.8,134.78456078543786,660.0000000000001,585.0008652443763,63.58055902850591,2.526056198918551,2.3344078402376733,1.0820972048574706,12.260376963922852,1.0,2.526056198918551,0.33507366008251127
1995,3360530459.1938415,61848252.288219,52054393.91948965,18.40431236652317,15.489933673143078,64.36990902261884,1.1665217391304348,2.0,1.0192667354547444,0.96675,421.5,1075.0,675.0,2.1625,150.5,135.57033274616597,665.0000000000001,590.0007490734281,63.63435910276995,2.5170144924791513,2.3266304964517817,1.0818282044861502,12.26219454135713,1.0,2.5170144924791513,0.3360530459193841
1996,3370155370.3918347,61807187.74377643,52182276.545783,18.339566266522116,15.483641200707007,64.39984380990782,1.168,2.0,1.0188189705714854,0.9663999999999999,423.2,1080.0,680.0,2.18,151.2,136.35181610885766,670.0000000000001,595.0006483925969,63.68616298309718,2.50801264160337,2.31886473485965,1.0815691850845142,12.263990628594469,1.0,2.50801264160337,0.3370155370391835
1997,3379610344.032301,61762679.45068427,52307705.810217984,18.275088889979433,15.477436889309642,64.4294242729624,1.169478260869565,2.0,1.0183673467686356,0.96605,424.9,1085.0,685.0,2.1975000000000002,151.9,137.12922530341478,675.0000000000001,600.0005611526692,63.73610237194638,2.499049045468112,2.3111107058341824,1.0813194881402681,12.265765456377743,1.0,2.499049045468112,0.3379610344032301
1998,3388991086.7603636,61811411.350218914,52430668.622156136,18.238882832030775,15.470878287932045,64.45865431142235,1.1709565217391305,2.0,1.0179119348233712,0.9657,426.6,1090.0,690.0,2.215,152.6,137.90276403824404,680.0000000000001,605.0004855730717,63.784301524889784,2.4940238555512715,2.3069775905641485,1.0810784923755512,12.267519258685342,1.0,2.4940238555512715,0.33889910867603634
1999,3398297314.859313,61858853.60515509,52552625.506205894,18.202896295939897,15.464398973102075,64.4875694433223,1.1724347826086956,2.0,1.017453304096816,0.9653499999999999,428.29999999999995,1095.0,695.0,2.2325,153.3,138.67262583633183,685.0000000000001,610.000420107026,63.83087738614093,2.489029331425104,2.302853711324197,1.0808456130692954,12.269254166599339,1.0,2.489029331425104,0.3398297314859313
2000,3407528716.9708867,61904976.04205255,52673573.9304788,18.16711792735317,15.45799853957,64.51617122742715,1.1739130434782608,2.0,1.0169914865742966,0.965,430.0,1100.0,700.0,2.25,154.0,139.43899454451525,690.0000000000001,615.0003634111663,63.87593972652491,2.484063888461611,2.2987388681467227,1.0806203013673754,12.270970273645627,1.0,2.484063888461611,0.3407528716970887
2001,3416684955.983659,61949749.90226467,52793510.88949269,18.13153706014707,15.451676572355648,64.5444612331906,1.1753913043478261,2.0,1.0165265142773088,0.96465,431.7,1105.0,705.0,2.2675,154.7,140.2020448172895,695.0000000000001,620.0003143190579,63.91959129881301,2.4791260382979807,2.294632866717974,1.080402043505935,12.272667673991435,1.0,2.4791260382979807,0.3416684955983659
2002,3425765670.895689,61993147.84496014,52912432.93293012,18.096143694717924,15.44543264662227,64.57244104262838,1.1768695652173913,2.0,1.0160584192931232,0.9642999999999999,433.4,1110.0,710.0,2.285,155.4,140.96194257642503,700.0000000000001,625.000271818122,63.961928018013104,2.474214385778366,2.2905355181883538,1.0801903599099345,12.274346462557704,1.0,2.474214385778366,0.3425765670895689
2003,3434770478.641995,62035143.94026611,53030336.19396009,18.06092847426386,15.43926632760821,64.60011225208615,1.1783478260869564,2.0,1.0155872338025753,0.96395,435.1,1115.0,715.0,2.3025,156.1,141.71884544760377,705.0000000000001,630.0002350295356,64.00303916915911,2.469327625617936,2.2864466389893345,1.0799848041542046,12.276006735125168,1.0,2.469327625617936,0.3434770478641995
2004,3443698975.877606,62075713.65259611,53147216.41698535,18.02588265914749,15.43317717061524,64.62747647390005,1.1798260869565216,2.0,1.0151129901060247,0.9636,436.79999999999995,1120.0,720.0,2.3200000000000003,156.8,142.4729031752236,710.0000000000001,635.0002031907278,64.04300764179528,2.464464538801611,2.2823660506568264,1.0797849617910236,12.277648588434003,1.0,2.464464538801611,0.3443698975877606
2005,3452550740.70777,62114833.8148437,53263068.984679855,17.990998099599317,15.427164721049392,64.65453533794913,1.181304347826087,2.0,1.0146357206474799,0.9632499999999999,438.5,1125.0,725.0,2.3375000000000004,157.5,143.22425801646241,715.0000000000001,640.0001756401416,64.08191018825349,2.459623988753683,2.2782935796608483,1.0795904490587327,12.27927212027695,1.0,2.459623988753683,0.345255074070777
2006,3461325334.3580666,62152482.59448957,53377888.94419303,17.956267207114845,15.421228514508426,64.68129049309981,1.182782608695652,2.0,1.0141554580369019,0.9629,440.2,1130.0,730.0,2.3550000000000004,158.2,143.97304511563928,720.0000000000001,645.0001518039722,64.11981770162916,2.4548049173275226,2.2742290572413024,1.0794009114918544,12.280877429585988,1.0,2.4548049173275226,0.34613253343580663
2007,3470022302.778517,62188639.452865325,53491671.032415316,17.9216829249396,15.41536807690932,64.70774360854318,1.1842608695652173,2.0,1.0136722350707144,0.9625499999999999,441.9,1135.0,735.0,2.3725000000000005,158.9,144.71939285985732,725.0000000000001,650.0001311846279,64.15679550881127,2.450006340670244,2.2701723192496983,1.0792160224559437,12.282464616512591,1.0,2.450006340670244,0.3470022302778517
2008,3478641178.17718,62223285.09888282,53604409.70021968,17.887238698038995,15.409582924648923,64.73389637502707,1.1857391304347826,2.0,1.0131860847505583,0.9621999999999999,443.6,1140.0,740.0,2.39,159.6,145.46342321686444,730.0000000000001,655.0001133506934,64.19290367381444,2.445227345017588,2.2661232059966228,1.0790354816309278,12.284033782501623,1.0,2.445227345017588,0.347864117817718
2009,3487181480.4800863,62256401.43852125,53716099.13561462,17.852928442929876,15.403872564791044,64.75975050598538,1.1872173913043478,2.0,1.0126970403003468,0.96185,445.29999999999995,1145.0,745.0,2.4075,160.3,146.2052520560212,735.0000000000001,660.0000979282015,64.2281973068491,2.440467082471441,2.2620815621047847,1.0788590134657545,12.285585030359124,1.0,2.440467082471441,0.3487181480480086
2010,3495642718.7156115,62287971.521289475,53826733.28576446,17.818746517714963,15.39823649527369,64.78530773856826,1.188695652173913,2.0,1.0122051351816803,0.9614999999999999,447.0,1150.0,750.0,2.4250000000000003,161.0,146.94498945322016,740.0000000000001,665.0000845930456,64.26272687493879,2.435724766807461,2.2580472363674406,1.078686365625306,12.287118464314096,1.0,2.435724766807461,0.34956427187156114
2011,3504024392.3225336,62317979.48477357,53936305.877851576,17.784687692618498,15.392674205130625,64.81056983457711,1.1901739130434783,2.0,1.0117104031076973,0.96115,448.7,1155.0,755.0,2.4425,161.7,147.68273998055915,745.0000000000001,670.000073064384,64.29653851037149,2.4309996693542417,2.254020081612023,1.0785173074481427,12.288634190074626,1.0,2.4309996693542417,0.3504024392322534
2012,3512325992.382013,62346410.498252206,54044810.4387728,17.750747121274383,15.387185174722442,64.83553858130804,1.1916521739130435,2.0,1.0112128780554321,0.9608,450.4,1160.0,760.0,2.46,162.4,148.4186029815312,750.0000000000001,675.0000630989097,64.32967431379808,2.4262911149789463,2.2499999545687843,1.0783516284310097,12.290132314878484,1.0,2.4262911149789463,0.3512325992382013
2013,3520547002.774566,62373250.70622945,54152240.31367598,17.71692031297201,15.381768875972467,64.86021579230926,1.1931304347826086,2.0,1.0107125942767652,0.9604499999999999,452.1,1165.0,765.0,2.4775,163.1,149.15267283245464,755.0000000000001,680.0000544858715,64.36217264932574,2.421598478207861,2.245986715744276,1.0781891367533714,12.291612947538557,1.0,2.421598478207861,0.35205470027745667
2014,3528686901.2638116,62398487.17260158,54258588.68335611,17.683203106020354,15.376424772603999,64.88460330805653,1.1946086956521738,2.0,1.0102095863080462,0.9601,453.79999999999995,1170.0,770.0,2.495,163.8,149.88503919083192,760.0000000000001,685.0000470427503,64.39406842946987,2.4169211795041403,2.2419802292994935,1.0780296578526507,12.29307619848339,1.0,2.4169211795041403,0.35286869012638117
2015,3536745160.509319,62422107.82604769,54363848.5805404,17.64959164235017,15.371152320375717,64.90870299655181,1.1960869565217391,2.0,1.0097038889784755,0.95975,455.5,1175.0,775.0,2.5125,164.5,150.6157872312903,765.0000000000001,690.0000406115049,64.42539338830923,2.412258681719318,2.2379803629325044,1.0778730330584538,12.294522179793109,1.0,2.412258681719318,0.3536745160509319
2016,3544721249.011335,62444101.40711611,54468012.90510013,17.616082343437444,15.365950967312848,64.93251675384975,1.1975652173913043,2.0,1.0091955374173243,0.9593999999999999,457.2,1180.0,780.0,2.5300000000000002,165.2,151.3449978697258,770.0000000000001,695.000035055312,64.45617634162403,2.407610486730057,2.2339869877653977,1.07771911829188,12.295951005230984,1.0,2.407610486730057,0.3544721249011335
2017,3552614631.990475,62464457.417373255,54571074.43823317,17.58267188759941,15.360820153932046,64.95604650451705,1.1990434782608694,2.0,1.0086845670600777,0.95905,458.9,1185.0,785.0,2.5475000000000003,165.9,152.0727479762395,775.0000000000001,700.0000302557377,64.48644343318193,2.402976132267177,2.229999978235388,1.0775677828340904,12.297362790271023,1.0,2.402976132267177,0.35526146319904756
2018,3560412903.1666937,62483179.8890582,54684908.712839775,17.5494195725121,15.359147997751064,64.96517440754796,1.2002608695652173,2.0,1.0081710136535782,0.9587,460.6,1190.0,790.0,2.5650000000000004,166.6,152.7991105774275,780.0000000000001,705.0000261102828,64.51617071236473,2.3983557193371525,2.2260192119899114,1.0774191464381764,12.29791046445288,1.0,2.3983557193371525,0.3560412903166694
2019,3568093716.0016885,62500098.09430285,54819285.25930796,17.51638355629818,15.363745916611462,64.94818176350007,1.2009999999999998,2.0,1.0076548877418083,0.9583499999999999,462.29999999999995,1195.0,795.0,2.5825,167.3,153.52415504855614,785.0000000000001,710.0000225302532,64.54521858435989,2.3937506353947993,2.222044569785569,1.0772739070782007,12.296890905810004,1.0,2.3937506353947993,0.3568093716001689
2020,3575656500.13542,62514886.570164986,54952102.436433814,17.483470956395664,15.368395267932652,64.93097730208054,1.2017391304347826,2.0,1.0071361874320033,0.958,464.0,1200.0,800.0,2.6,168.0,154.24794729612833,790.0000000000001,715.0000194389127,64.57338649286453,2.389162936314512,2.2180759353907558,1.0771330675356774,12.29585863812483,1.0,2.389162936314512,0.357565650013542
2021,3583095875.3646226,62527616.03487467,55088240.805671856,17.45072367858751,15.374481376406365,64.90779970173367,1.2024782608695652,2.0,1.0065255731127472,0.95765,465.7,1205.0,805.0,2.6175,168.7,154.97054993132193,795.0000000000001,720.0000167698807,64.60043143792885,2.3845951352826553,2.21411319549184,1.076997842810356,12.29446798210402,1.0,2.3845951352826553,0.35830958753646225
2022,3590411378.670821,62538275.78235523,55222772.476156585,17.418136582863394,15.38062540805566,64.88438944118005,1.2032173913043478,2.0,1.0059121081943516,0.9572999999999999,467.4,1210.0,810.0,2.6350000000000002,169.4,155.69202243475584,800.0000000000001,725.0000144657446,64.62610212091869,2.380049821225081,2.2101562396027457,1.0768694893954067,12.293063366470802,1.0,2.380049821225081,0.35904113786708214
2023,3597602629.5295963,62546937.417704426,55355686.55892934,17.38572706844022,15.386826244945055,64.86075057254723,1.2039565217391304,2.0,1.0052958567835395,0.95695,469.1,1215.0,815.0,2.6525000000000003,170.1,156.41242131301806,805.0000000000001,730.0000124768544,64.65016127974465,2.375529411575247,2.206204959977813,1.0767491936012767,12.291645034352833,1.0,2.375529411575247,0.35976026295295965
2024,3604669322.170538,62553665.967095405,55486973.32615399,17.35351023250836,15.393082795384604,64.83688718039794,1.204695652173913,2.0,1.0046768834183886,0.9566,470.79999999999995,1220.0,820.0,2.6700000000000004,170.8,157.13180024736715,810.0000000000001,735.0000107602804,64.67239936730951,2.371036003013128,2.202259251527798,1.0766380031634526,12.290213230823875,1.0,2.371036003013128,0.36046693221705384
2025,3611611215.606149,62558517.53424068,55616624.09862933,17.32149830079129,15.399394004067794,64.81280337652451,1.2054347826086955,2.0,1.0040552529874418,0.9562499999999999,472.5,1225.0,825.0,2.6875,171.5,157.8502102349988,815.0000000000001,740.0000092789084,64.69264198919767,2.3665712924120963,2.198319011738894,1.0765367900540117,12.28876820259147,1.0,2.3665712924120963,0.361161121560615
2026,3618428122.710291,62561538.202573106,55744631.09843137,17.2897004116011,15.405758856604642,64.78850329512322,1.2061739130434783,2.0,1.0034310306548258,0.9559,474.2,1230.0,830.0,2.705,172.2,158.56769972324886,820.0000000000001,745.0000080006569,64.71075293835491,2.362136546963186,2.194384140594649,1.0764462353082256,12.287310197707395,1.0,2.362136546963186,0.3618428122710291
2027,3625119899.229778,62562763.80562685,55870987.286140084,17.25812264000411,15.412176380155284,64.7639910885898,1.206913043478261,2.0,1.0028042817951004,0.95555,475.9,1235.0,835.0,2.7225,172.9,159.28431473708642,825.0000000000001,750.0000068977982,64.72663421259203,2.3577326076894485,2.1904545405006717,1.0763668289370398,12.285839465315387,1.0,2.3577326076894485,0.3625119899229778
2028,3631686433.315115,62562220.281476244,55995686.19613928,17.22676817788135,15.41864564144782,64.73927092404696,1.2076521739130435,2.0,1.002175071939538,0.9551999999999999,477.6,1240.0,840.0,2.74,173.6,160.0000990002321,830.0000000000001,755.0000059463714,64.74022404921008,2.353359914627252,2.1865301162120026,1.0762988797539497,12.28435625544282,1.0,2.353359914627252,0.3631686433315115
2029,3638127635.935902,62559924.3997821,56118721.778994925,17.19563760815903,15.425165743136024,64.71434698062643,1.208391304347826,2.0,1.001543466734159,0.95485,479.29999999999995,1245.0,845.0,2.7575000000000003,174.3,160.7150940502205,835.0000000000001,760.0000051256728,64.75149373901931,2.349018545084357,2.1826107747630643,1.0762425313049035,12.282860818837586,1.0,2.349018545084357,0.3638127635935902
2030,3644443432.385588,62555884.70627318,56240088.256587274,17.16472922871661,15.431735819198463,64.68922344747168,1.2091304347826086,2.0,1.000909531908984,0.9544999999999999,481.0,1250.0,850.0,2.7750000000000004,175.0,161.4293393477095,840.0000000000001,765.0000044178161,64.76044377277968,2.3447082587847086,2.178696425400067,1.0761977811361016,12.2813534068483,1.0,2.3447082587847086,0.36444434323855884
2031,3650633754.9651413,62550102.57278686,56359779.99323395,17.134039394588388,15.43835502988497,64.66390452239358,1.2098695652173912,2.0,1.000273333257429,0.9541499999999999,482.7,1255.0,855.0,2.7925000000000004,175.5,162.13287238032402,845.0000000000001,770.0000038073504,64.76709971324806,2.3404285455352407,2.1747869795157886,1.0761645014337597,12.279834271343617,1.0,2.3404285455352407,0.36506337549651413
2032,3656698536.85491,62542573.27405809,56477791.38428935,17.10356285696177,15.445022556566922,64.63839441109329,1.2106086956521738,2.0,0.9996349366245035,0.9538,484.4,1260.0,860.0,2.81,176.0,162.82622876130782,850.0000000000001,775.000003280931,64.77150806489526,2.3361786724264744,2.1708823505866257,1.0761424596755238,12.278303664665598,1.0,2.3361786724264744,0.365669853685491
2033,3662637707.129909,62533287.03747682,56594116.76247755,17.073293084856793,15.451737596734741,64.61269732685955,1.2113478260869566,2.0,0.9989944079023649,0.9534499999999999,486.1,1265.0,865.0,2.8275,176.5,163.50991732324243,855.0000000000001,780.0000028270333,64.77373232245421,2.3319577286060893,2.16698245411183,1.0761313383877291,12.276761839611574,1.0,2.3319577286060893,0.36626377071299093
2034,3668451186.8393173,62522230.0307907,56708750.321382634,17.043222560815625,15.458499359301015,64.58681749064876,1.2120869565217391,2.0,0.9983518130317915,0.9531,487.79999999999995,1270.0,870.0,2.845,177.0,164.1844214570803,860.0000000000001,785.0000024357062,64.77384931202717,2.32776466642213,2.1630872075548475,1.0761307534398643,12.275209049438924,1.0,2.32776466642213,0.36684511868393177
2035,3674138886.0509353,62509385.266602255,56821686.054984294,17.0133430458828,15.465307060304895,64.56075913146064,1.2128260869565217,2.0,0.9977072180082254,0.95275,489.5,1275.0,875.0,2.8625000000000003,177.5,164.8502003842263,865.0000000000001,790.0000020983578,64.77194588917227,2.3235983382822534,2.159196530286669,1.0761402705541387,12.27364554788764,1.0,2.3235983382822534,0.36741388860509355
2036,3679700701.7517414,62494733.41261424,56932917.711807966,16.983645811971417,15.472159919067533,64.53452648693101,1.2135652173913043,2.0,0.9970606888911593,0.9523999999999999,491.2,1280.0,880.0,2.8800000000000003,178.0,165.50769036501498,870.0000000000001,795.0000018075709,64.76811602299098,2.3194575289666886,2.155310343531121,1.0761594198850453,12.272071589215862,1.0,2.3194575289666886,0.36797007017517414
2037,3685136516.525848,62478253.536206156,57042438.76209976,16.95412185031,15.479057154679403,64.50812380407226,1.2143043478260869,2.0,0.996412291815792,0.95205,492.9,1285.0,885.0,2.8975000000000004,178.5,166.15730584676425,875.0000000000001,800.0000015569435,64.76245827043353,2.3153409846051924,2.1514285714285704,1.0761877086478324,12.270487428244333,1.0,2.3153409846051924,0.3685136516525848
2038,3690550471.3970737,62564197.24812047,57150242.376894765,16.952538038163322,15.485560438700706,64.48155534009965,1.2150434782608694,2.0,0.9957620930059953,0.9517,494.6,1290.0,890.0,2.915,179.0,166.79944055442604,880.0000000000001,805.0000013409499,64.7550736282333,2.3151059410326944,2.151136363636363,1.0762246318588335,12.26889332040598,1.0,2.3151059410326944,0.3690550471397074
2039,3695942844.0192513,62650319.7657254,57257947.143547714,16.951106229119777,15.492108390204713,64.45481641430023,1.215782608695652,2.0,0.9951100206253989,0.9513499999999999,496.29999999999995,1295.0,895.0,2.9325,179.5,167.43446852670473,885.0000000000001,810.0000011548217,64.74606370884786,2.3148919080802717,2.150847457627118,1.0762696814557609,12.267288984858013,1.0,2.3148919080802717,0.36959428440192515
2040,3701313883.775039,62736597.24861064,57365557.49282277,16.94981815068989,15.498701081334547,64.42790771242248,1.2165217391304348,2.0,0.9944560857339712,0.951,498.0,1300.0,900.0,2.95,180.0,168.0627451003695,890.0000000000001,815.0000009944443,64.73552924222577,2.3146977361257295,2.1505617977528084,1.0763223537888713,12.265674462745348,1.0,2.3146977361257295,0.3701313883775039
2041,3706663812.1881423,62823005.83850123,57473077.42539795,16.94866570632289,15.505338584097288,64.40082991170037,1.2172608695652174,2.0,0.9938002992446768,0.95065,499.7,1305.0,905.0,2.9675000000000002,180.5,168.68460784535102,895.0000000000001,820.000000856268,64.72356887163873,2.314522300036487,2.1502793296089378,1.0763821556418065,12.264049794702023,1.0,2.314522300036487,0.37066638121881423
2042,3711992823.6191077,62909521.94714467,57580510.51617904,16.94764104791812,15.512020968844267,64.37358368239266,1.218,2.0,0.993142671947452,0.9502999999999999,501.4,1310.0,910.0,2.9850000000000003,181.0,169.30037745308348,900.0000000000001,825.00000073723,64.71027821027869,2.3143645092395038,2.1499999999999995,1.0764486089486067,12.262415020943559,1.0,2.3143645092395038,0.3711992823619108
2043,3717296536.2931485,62996127.50115588,57692414.82711499,16.94675872266435,15.519992624706045,64.34108946111404,1.2187391304347825,2.0,0.9924832145321713,0.9498749999999999,503.1,1315.0,915.0,3.0025000000000004,181.5,169.91035858042932,905.0000000000001,830.000000634689,64.69573197974687,2.314223499632057,2.1497237569060768,1.0765213401012657,12.260465367666843,1.0,2.314223499632057,0.37172965362931487
2044,3722547699.426755,63082760.81469897,57831597.68109253,16.946125586090744,15.535488689640745,64.27794986387661,1.2194782608695651,2.0,0.9918219476201551,0.949,504.79999999999995,1320.0,920.0,3.0200000000000005,182.0,170.51484065140784,910.0000000000001,835.0000005463662,64.67988834166117,2.31409966155885,2.149450549450549,1.0766005582916942,12.256676991832597,1.0,2.31409966155885,0.37225476994267553
2045,3727746313.1877522,63168991.34308636,57970377.582089044,16.945625060270775,15.551052220749469,64.2146533228188,1.2202173913043477,2.0,0.9911589492138615,0.948125,506.5,1325.0,925.0,3.0375,182.5,171.11409861883743,915.0000000000001,840.000000470297,64.66264026598655,2.3139940869777993,2.1491803278688515,1.0766867986700672,12.25287919936913,1.0,2.3139940869777993,0.37277463131877525
2046,3732892420.476348,63254859.80162237,58108752.51302687,16.94526728245507,15.566682874191084,64.1512018753468,1.2209565217391305,2.0,0.9904942469013712,0.9472499999999999,508.2,1330.0,930.0,3.055,183.0,171.70839368789555,920.0000000000001,845.0000004047869,64.64385140610648,2.313908183533301,2.1489130434782604,1.0767807429694676,12.249072112520809,1.0,2.313908183533301,0.3732892420476348
2047,3737986108.672408,63340409.29644244,58246721.10038247,16.945062783804346,15.582380299714252,64.087597549793,1.221695652173913,2.0,0.989827868154202,0.946375,509.9,1335.0,935.0,3.0725000000000002,183.5,172.29797400350077,925.0000000000001,850.000000348375,64.62338037859888,2.3138434135001873,2.1486486486486482,1.0768830981070057,12.245255852987581,1.0,2.3138434135001873,0.37379861086724087
2048,3743027506.7594213,63425680.73438679,58384282.647373326,16.945021274849903,15.598144160559574,64.02384236265988,1.2224347826086956,2.0,0.98915984028485,0.9454999999999999,511.6,1340.0,940.0,3.0900000000000003,184.0,172.88307530332574,930.0000000000001,855.0000002998019,64.60109646401432,2.3138011250801034,2.1483870967741927,1.0769945176799285,12.241430541759591,1.0,2.3138011250801034,0.37430275067594215
2049,3748016779.630333,63510709.965290815,58521437.09437927,16.945150915667693,15.613974145588333,63.95993831667068,1.2231739130434782,2.0,0.9884901904167148,0.9446249999999999,513.3,1345.0,945.0,3.1075000000000004,184.5,173.46392153815944,935.0000000000001,860.0000002579816,64.57688904921734,2.3137824510408924,2.1481283422459887,1.0771155547539133,12.237596299000241,1.0,2.3137824510408924,0.3748016779630333
2050,3752954120.876792,63595526.18080146,58658184.93434231,16.945457933267733,15.62986997577209,63.89588739961165,1.2239130434782608,2.0,0.9878189454662014,0.94375,515.0,1350.0,950.0,3.1250000000000004,185.0,174.04072546125147,940.0000000000001,865.0000002219783,64.55067258473392,2.3137882555926703,2.147872340425531,1.0772466370763305,12.233753243976698,1.0,2.3137882555926703,0.37529541208767925
2051,3757839744.9797525,63680151.20622518,58794527.103264555,16.945946481964278,15.645831406677335,63.83169158389931,1.2246521739130434,2.0,0.987146132135997,0.9428749999999999,516.7,1355.0,955.0,3.1425,185.5,174.61368918818889,945.0000000000001,870.0000001909855,64.52238840195136,2.3138191150171408,2.147619047619047,1.0773880579902433,12.229901495033959,1.0,2.3138191150171408,0.3757839744979753
2052,3762673879.529711,63764599.41005399,58930464.860096,16.946618668430496,15.661858228186814,63.76735282677746,1.2253913043478262,2.0,0.9864717769180729,0.942,518.4,1360.0,960.0,3.16,186.0,175.18300472877945,950.0000000000001,875.000000164308,64.49200440070616,2.313875321171365,2.147368421052631,1.0775399779964692,12.226041169606649,1.0,2.313875321171365,0.3762673879529711
2053,3767456757.8884554,63848878.02462842,59065999.665884,16.947474683269828,15.677950262390986,63.702873071036805,1.2261304347826085,2.0,0.9857959061047753,0.941125,520.0999999999999,1365.0,965.0,3.1775,186.5,175.74885449234048,955.0000000000001,880.0000001413466,64.45951335828562,2.3139568997844777,2.147120418848167,1.077702433208572,12.222172384262208,1.0,2.3139568997844777,0.37674567578884555
2054,3772188612.544567,63932987.72485068,59201133.068738766,16.948512996470782,15.694107360343272,63.6382542461483,1.2268695652173913,2.0,0.9851185458063406,0.9402499999999999,521.8,1370.0,970.0,3.1950000000000003,187.0,176.31141176772346,960.0000000000001,885.0000001215853,64.42493041052684,2.3140636376245003,2.146874999999999,1.077875347947366,12.218295254768897,1.0,2.3140636376245003,0.37721886125445675
2055,3776869669.2990074,64016923.353148736,59335866.59870829,16.949730586025325,15.71032939818681,63.57349826970734,1.227608695652174,2.0,0.9844397219732537,0.939375,523.5,1375.0,975.0,3.2125000000000004,187.5,176.87084117933728,965.0000000000001,890.0000001045795,64.38829010200331,2.314195114267876,2.146632124352331,1.0780585494899835,12.214409896182442,1.0,2.314195114267876,0.3776869669299008
2056,3781500142.3347206,64100674.71057127,59470201.67485804,16.951123178061057,15.726616273017191,63.50860704909528,1.2283478260869565,2.0,0.9837594604220142,0.9385,525.2,1380.0,980.0,3.2300000000000004,188.0,177.4272991203704,970.0000000000001,895.000000089946,64.34964328523935,2.3143507354645956,2.146391752577319,1.0782517835738032,12.210516422945716,1.0,2.3143507354645956,0.37815001423347205
2057,3786080230.1671734,64184227.35801519,59604139.52556218,16.952685483683254,15.74296789873636,63.44358248327642,1.229086956521739,2.0,0.9830777868630521,0.9376249999999999,526.9,1385.0,985.0,3.2475,188.5,177.98093416435188,975.0000000000001,900.0000000773547,64.30905406051404,2.314529766042945,2.1461538461538456,1.0784547296974298,12.206614948996585,1.0,2.314529766042945,0.37860802301671737
2058,3790610112.4348483,64267563.38978704,59737681.12211209,16.954411422837055,15.759384202069883,63.378426464661416,1.2298260869565216,2.0,0.9823947269297226,0.93675,528.5999999999999,1390.0,990.0,3.265,189.0,178.53188745613429,980.0000000000001,905.0000000665215,64.26659688176552,2.314731361008403,2.145918367346938,1.0786670155911724,12.202705587879684,1.0,2.314731361008403,0.37906101124348485
2059,3795089947.464989,64350662.155282035,59870827.12514122,16.956294329273124,15.77586511885791,63.313140880979724,1.2305652173913044,2.0,0.9817103062075019,0.935875,530.3,1395.0,995.0,3.2825,189.5,179.08029308332758,985.0000000000001,910.0000000572016,64.22235390535882,2.3149545940153504,2.1456852791878167,1.078888230473206,12.198788452858782,1.0,2.3149545940153504,0.37950899474649896
2060,3799519870.536577,64433500.9145647,60003577.84297659,16.958327133439955,15.792410590684119,63.247727617115814,1.231304347826087,2.0,0.9810245502626751,0.9349999999999999,532.0,1400.0,1000.0,3.3000000000000003,190.0,179.6262784291612,990.0000000000001,915.0000000491842,64.17641262305916,2.3151984827708194,2.145454545454545,1.0791179368847041,12.194863657026948,1.0,2.3151984827708194,0.37995198705365774
2061,3803911631.6700525,64516043.07093601,60124281.937460735,16.960447381005846,15.805909221677696,63.19443240068481,1.2320434782608696,2.0,0.9805274606635,0.934125,533.7,1405.0,1005.0,3.3175000000000003,190.5,180.16996450770316,995.0000000000001,920.0000000422878,64.1289051183022,2.315461567964743,2.1452261306532656,1.079355474408489,12.19166594404109,1.0,2.315461567964743,0.3803911631670053
2062,3808265385.1389246,64598441.8142527,60244688.34538052,16.962694371651875,15.81945643296674,63.14102929477153,1.2327826086956521,2.0,0.9800294639337322,0.93325,535.4,1410.0,1010.0,3.3350000000000004,191.0,180.71146628231799,1000.0000000000001,925.0000000363559,64.0799877571882,2.3157421313041557,2.144999999999999,1.079600061214059,12.18846175768629,1.0,2.3157421313041557,0.3808265385138925
2063,3812581237.0908694,64680650.33486728,60364798.382922314,16.965054988368156,15.833052367687445,63.08751933504865,1.2335217391304347,2.0,0.9795305735548783,0.932375,537.0999999999999,1415.0,1015.0,3.3525000000000005,191.5,181.2508929682021,1005.0000000000001,930.0000000312542,64.0298267168019,2.316038350805639,2.1447761194029846,1.0798508664159905,12.18525116010292,1.0,2.316038350805639,0.38125812370908696
2064,3816859245.3640146,64762620.8586402,60484612.58549501,16.96751614231029,15.84669716572862,63.03390356847843,1.2342608695652173,2.0,0.9790308031960002,0.9315,538.8,1420.0,1020.0,3.37,192.0,181.788348319792,1010.0000000000001,935.0000000268667,63.97858794446037,2.3163484084767263,2.144554455445544,1.0801070602776983,12.182034214108704,1.0,2.3163484084767263,0.3816859245364015
2065,3821099421.3258224,64844306.66135721,60604130.69954925,16.970065290491164,15.860390954842307,62.98018305528476,1.235,2.0,0.9785301667448274,0.930625,540.5,1425.0,1025.0,3.3875,192.5,182.3239309038024,1015.0000000000001,940.0000000230937,63.92643044890062,2.316670562206738,2.144334975369458,1.080367847755497,12.178810983317087,1.0,2.316670562206738,0.38210994213258226
2066,3825301733.004085,64925663.38543594,60723351.707173124,16.972690761951615,15.874133844988453,62.92635887018147,1.2357391304347827,2.0,0.9780286783273765,0.92975,542.2,1430.0,1030.0,3.4050000000000002,193.0,182.85773435861228,1020.0000000000001,945.0000000198493,63.87350206872155,2.317003191057382,2.144117647058823,1.0806324896563924,12.175581532210888,1.0,2.317003191057382,0.3825301733004085
2067,3829466108.971958,65006649.83976759,60842273.871894345,16.97538194357307,15.887925925065257,62.87243210302099,1.2364782608695652,2.0,0.977526352318601,0.928875,543.9,1435.0,1035.0,3.4225000000000003,193.5,183.38984764068167,1025.0,950.0000000170596,63.819937056987285,2.3173448210598555,2.14390243902439,1.0809003147150635,12.17234592618126,1.0,2.3173448210598555,0.38294661089719584
2068,3833592442.597358,65087228.422528274,60960894.797128044,16.978129364849746,15.901767261369457,62.81840385899929,1.2372173913043478,2.0,0.9770232033461682,0.9279999999999999,545.5999999999999,1440.0,1040.0,3.4400000000000004,194.0,183.9203552586476,1030.0,955.0000000146612,63.76585497381883,2.3176941369796507,2.1436893203883494,1.081170725130906,12.169104231539958,1.0,2.3176941369796507,0.38335924425973583
2069,3837680596.380697,65167365.27437532,61079211.491036676,16.980924711617334,15.91565789728313,62.76427525852941,1.2379565217391304,2.0,0.9765192462890911,0.927125,547.3,1445.0,1045.0,3.4575000000000005,194.5,184.4493374957152,1035.0,960.0000000125991,63.71136049916924,2.3180499842154254,2.143478260869565,1.0814431975041539,12.165856515511766,1.0,2.3180499842154254,0.3837680596380697
2070,3841730406.1912465,65247030.243906684,61197220.433357075,16.98376079142775,15.929597853803852,62.710047436874646,1.238695652173913,2.0,0.9760144962726206,0.92625,549.0,1450.0,1050.0,3.475,195.0,184.97687062092945,1040.0,965.0000000108264,63.65654387235101,2.3184113639833153,2.1432692307692305,1.0817172806382451,12.16260284621248,1.0,2.3184113639833153,0.38417304061912466
2071,3845741685.2773643,65326196.7272309,61314917.641112946,16.98663146755771,15.943587130629332,62.65572154361478,1.2394347826086958,2.0,0.9755089686605308,0.925375,550.7,1455.0,1055.0,3.4925,195.5,185.50302708988298,1045.0,970.0000000093025,63.60148173855194,2.318777424145995,2.143062200956938,1.0819925913072403,12.159343292616889,1.0,2.318777424145995,0.38457416852773646
2072,3849714227.9740577,65404841.42785393,61432298.73116052,16.989531574210833,15.957625707581352,62.6012987420032,1.2401739130434783,2.0,0.9750026790456972,0.9245,552.4,1460.0,1060.0,3.5100000000000002,196.0,186.02787573538882,1050.0,975.0000000079928,63.5462382397932,2.3191474474307867,2.1428571428571423,1.0822688088010342,12.156077924520194,1.0,2.3191474474307867,0.3849714227974058
2073,3853647813.066715,65482944.070940375,61549358.978283495,16.992456822054365,15.971713546210857,62.54678020826107,1.240913043478261,2.0,0.9744956432396719,0.9236249999999999,554.0999999999999,1465.0,1065.0,3.5275000000000003,196.5,186.55148194861937,1055.0,980.000000006867,63.49086623197178,2.319520838306293,2.142654028436019,1.0825456688401411,12.152806812495665,1.0,2.319520838306293,0.3853647813066715
2074,3857542206.7952204,65560487.0966254,61666093.36811998,16.99540370060965,15.985850591470548,62.49216713084287,1.2416521739130435,2.0,0.9739878772617997,0.92275,555.8,1470.0,1070.0,3.5450000000000004,197.0,187.0739078511884,1060.0,985.0000000058994,63.43540854353108,2.3198971094228344,2.142452830188679,1.0828229572823447,12.149530027850574,1.0,2.3198971094228344,0.38575422067952203
2075,3861397165.5004687,65637455.34986181,61782496.644613415,16.998369382019956,16.00003677337498,62.43746070969997,1.242391304347826,2.0,0.9734793973282828,0.921875,557.5,1475.0,1075.0,3.5625000000000004,197.5,187.595212458629,1065.0,990.0000000050679,63.37989921711366,2.32027586824486,2.1422535211267606,1.0831005039144317,12.146247642581997,1.0,2.32027586824486,0.38613971655004686
2076,3865212437.9273148,65713835.77881439,61898563.351968236,17.00135162921416,16.014272008593863,62.382662155561725,1.2431304347826087,2.0,0.9729702198414967,0.921,559.2,1480.0,1080.0,3.58,198.0,188.11545183569754,1070.0,995.0000000043534,63.324364695020904,2.320656804294449,2.142056074766355,1.0833781765248955,12.142959729333704,1.0,2.320656804294449,0.3865212437927315
2077,3868987767.2057185,65789617.14969382,62014287.87129022,17.004348710362752,16.02855620194388,62.32777268924717,1.2438695652173912,2.0,0.9724603613797679,0.920125,560.9,1485.0,1085.0,3.5975,198.5,188.63467924391267,1075.0,1000.0000000037394,63.26882492383168,2.3210396772691975,2.1418604651162787,1.0836558753808416,12.13966636135483,1.0,2.3210396772691975,0.3868987767205719
2078,3872722892.536353,65864789.78285396,62129664.4522193,17.007359320696786,16.042889247758406,62.27279354101705,1.2446086956521738,2.0,0.9719498386877585,0.91925,562.5999999999999,1490.0,1090.0,3.615,199.0,189.15294528171705,1080.0,1005.0000000032119,63.213294364223835,2.3214243061831032,2.1416666666666666,1.083933528178881,12.136367612461022,1.0,2.3214243061831032,0.3872722892536353
2079,3876417550.609137,65939345.31272542,62244687.239941515,17.01038251216352,16.05727103112523,62.217725949971246,1.2453478260869566,2.0,0.9714386686675444,0.9183749999999999,564.3,1495.0,1095.0,3.6325000000000003,199.5,189.6702980176312,1085.0,1010.0000000027586,63.15778289977648,2.3218105595961727,2.1414746543778804,1.0842110855011178,12.133063556998275,1.0,2.3218105595961727,0.3876417550609137
2080,3880071476.783669,66013276.47253878,62359350.29800692,17.013417630970952,16.07170142898987,62.1625711634945,1.2460869565217392,2.0,0.9709268683704315,0.9175,566.0,1500.0,1100.0,3.6500000000000004,200.0,190.18678311674964,1090.0,1015.0000000023691,63.102296643999786,2.3221983469399294,2.141284403669725,1.0844885167800011,12.12975426980967,1.0,2.3221983469399294,0.3880071476783669
2081,3883684406.0599275,66086576.90365161,62473647.62739302,17.016464262784346,16.086180311127222,62.107330436751404,1.2468260869565218,2.0,0.9704144549895245,0.916625,567.7,1505.0,1105.0,3.6675000000000004,200.4,190.69744396091215,1095.0,1020.0000000020345,63.046838648586935,2.3225876109058814,2.141095890410959,1.0847658067570654,12.126439826205086,1.0,2.3225876109058814,0.38836844060599274
2082,3887256073.8662014,66159240.988522604,62587573.182248734,17.01952218514941,16.100707540987944,62.05200503222945,1.2475652173913043,2.0,0.9699014458530355,0.91575,569.4,1510.0,1110.0,3.6850000000000005,200.8,191.20257176286654,1100.0,1025.0000000017471,62.99140951833615,2.322978320837811,2.1409090909090907,1.0850429524083194,12.123120301933767,1.0,2.322978320837811,0.38872560738662015
2083,3890786216.689346,66231263.70587909,62701120.88273465,17.022591326602107,16.115282976428034,61.996596219328424,1.248304347826087,2.0,0.9693878584183037,0.914875,571.0999999999999,1515.0,1115.0,3.7025,201.2,191.70244317472321,1105.0,1030.0000000015002,62.9360079396816,2.323370467052865,2.140723981900452,1.0853199603015922,12.119795773159705,1.0,2.323370467052865,0.3890786216689346
2084,3894274572.5703287,66302640.506332174,62814284.62534941,17.025671731865224,16.129906470331456,61.94110527399329,1.2490434782608695,2.0,0.9688737102664853,0.914,572.8,1520.0,1120.0,3.72,201.6,192.19732101598706,1110.0,1035.000000001288,62.88063113055766,2.3237640560080854,2.1405405405405404,1.0855968443472117,12.116466316439595,1.0,2.3237640560080854,0.38942745725703287
2085,3897720881.485779,66373367.20655053,62927058.291100316,17.02876353251071,16.14457787113608,61.88553347838747,1.2497826086956523,2.0,0.968359019097866,0.913125,574.5,1525.0,1125.0,3.7375000000000003,202.0,192.6874549651877,1115.0,1040.000000001106,62.8252752195999,2.3241591062261207,2.140358744394619,1.0858736239020006,12.113132008703248,1.0,2.3241591062261207,0.3897720881485779
2086,3901124885.634003,66443439.9000673,63039435.75184293,17.031866922473323,16.159297023273297,61.82988212060307,1.2505217391304349,2.0,0.9678438027277423,0.91225,576.2,1530.0,1130.0,3.7550000000000003,202.4,193.17308221692832,1120.0,1045.0000000009495,62.76993556261003,2.324555644894749,2.1401785714285713,1.08615032218695,12.109792927236185,1.0,2.324555644894749,0.3901124885634003
2087,3904486329.641756,66512854.88283333,63151410.87508067,17.034982137826056,16.17406376753147,61.774152494404106,1.2512608695652174,2.0,0.9673280790828153,0.911375,577.9,1535.0,1135.0,3.7725000000000004,202.8,193.6544281060819,1125.0,1050.0000000008151,62.71460700389512,2.324953705058322,2.1399999999999997,1.0864269649805245,12.106449149664247,1.0,2.324953705058322,0.39044863296417565
2088,3907804960.7059913,66581608.59171673,63262977.52748152,17.038109440264382,16.188877941352608,61.71834589899981,1.252,2.0,0.966811866198045,0.9105,579.5999999999999,1540.0,1140.0,3.7900000000000005,203.2,194.1317067007778,1130.0,1055.0000000006999,62.65928408962123,2.325353323324318,2.1398230088495573,1.086703579551894,12.103100753939989,1.0,2.325353323324318,0.39078049607059917
2089,3911080528.682922,66649697.55426896,63374129.5773382,17.041249103790154,16.203739379071234,61.66246363884379,1.2527391304347826,2.0,0.9662951822139109,0.909625,581.3,1545.0,1145.0,3.8075,203.6,194.6051213657389,1135.0,1060.0000000006007,62.60396123976045,2.3257545380142806,2.1396475770925107,1.0869801938011978,12.099747818330627,1.0,2.3257545380142806,0.3911080528682922
2090,3914312786.1349683,66717118.34821431,63484860.89616804,17.044401404132923,16.218647912103524,61.60650702345629,1.2534782608695652,2.0,0.9657780453740245,0.9087500000000001,583.0,1550.0,1150.0,3.825,204.0,195.07486529745196,1140.0,1065.0000000005157,62.548632884606384,2.326157387694934,2.139473684210526,1.087256835576968,12.096390421407378,1.0,2.326157387694934,0.39143127861349686
2091,3917501488.34461,66783867.56926407,63595165.359622,17.047566610493984,16.233603369094045,61.55047736726625,1.254217391304348,2.0,0.9652604740230522,0.907875,584.7,1555.0,1155.0,3.8425000000000002,204.4,195.54112203257938,1145.0,1070.0000000004427,62.493293571218665,2.3265619100318777,2.139301310043668,1.0875335321439068,12.093028642035975,1.0,2.3265619100318777,0.391750148834461
2092,3920646393.3027654,66849941.80600294,63705036.847847894,17.050744979245202,16.248605576026602,61.49437598947017,1.2549565217391305,2.0,0.9647424866048985,0.907,586.4,1560.0,1160.0,3.8600000000000003,204.8,196.00406593095042,1150.0,1075.00000000038,62.43793804455561,2.326968140914753,2.139130434782609,1.087810309777222,12.08966255936821,1.0,2.326968140914753,0.3920646393302766
2093,3923747261.678071,66915337.62073652,63814469.24543081,17.053936749259126,16.26365435630511,61.43820421390542,1.255695652173913,2.0,0.9642241016611123,0.906125,588.0999999999999,1565.0,1165.0,3.8775000000000004,205.2,196.4638626344029,1155.0,1080.000000000326,62.38256130748117,2.3273761138089513,2.138961038961039,1.0880871934625942,12.086292252834326,1.0,2.3273761138089513,0.3923747261678071
2094,3926803856.7723794,66980051.53532234,63923456.44101419,17.05714213858808,16.27874953080947,61.3819633689354,1.2564347826086957,2.0,0.9637053378294779,0.90525,589.8,1570.0,1170.0,3.8950000000000005,205.6,196.92066950268276,1160.0,1085.00000000028,62.327158663297524,2.32778585929465,2.138793103448276,1.0883642066835124,12.082917802136125,1.0,2.32778585929465,0.39268038567723795
2095,3929815944.4668236,67044080.02113243,64031992.32668832,17.06036134224821,16.293890917930977,61.32565478734449,1.2571739130434783,2.0,0.9631862138427589,0.9043749999999999,591.5,1575.0,1175.0,3.9125000000000005,206.0,197.3746360275486,1165.0,1090.0000000002403,62.27172574396325,2.3281974047592944,2.13862660944206,1.088641371280184,12.07953928724067,1.0,2.3281974047592944,0.39298159444668235
2096,3932783293.1620154,67107419.49240956,64140070.79721752,17.063594530898804,16.30907833359106,61.26927980624094,1.2579130434782608,2.0,0.9626667485275652,0.9035,593.2,1580.0,1180.0,3.93,206.4,197.82590422617116,1170.0,1095.0000000002062,62.21625852671184,2.3286107742143884,2.138461538461538,1.0889187073664408,12.076156788374456,1.0,2.3286107742143884,0.39327832931620155
2097,3935705673.715233,67170066.3023825,64247685.749164954,17.066841850238056,16.324311591246694,61.21283976696594,1.2586521739130434,2.0,0.9621469608033156,0.902625,594.9,1585.0,1185.0,3.9475000000000002,206.8,198.2746090148626,1175.0,1100.0000000001771,62.16075334138595,2.329025988211778,2.1382978723404253,1.0891962332930702,12.072770386017957,1.0,2.329025988211778,0.3935705673715233
2098,3938582859.376869,67232016.74159905,64354831.07996249,17.070103420963946,16.33959050188529,61.15633601500748,1.259391304347826,2.0,0.9616268696812764,0.90175,596.5999999999999,1590.0,1190.0,3.9650000000000003,207.2,198.72087856411946,1180.0,1105.000000000152,62.10520687044834,2.3294430638383847,2.1381355932203387,1.0894739656477583,12.06938016090045,1.0,2.3294430638383847,0.39385828593768696
2099,3941414625.727923,67293267.03801712,64461500.68696359,17.073379339172927,16.354914874011374,61.09976989991781,1.2601304347826088,2.0,0.9611064942636534,0.900875,598.3,1595.0,1195.0,3.9825000000000004,207.6,199.16483463591348,1185.0,1110.0000000001305,62.04961614331835,2.329862014771743,2.1379746835443036,1.0897519192834084,12.06598619399507,1.0,2.329862014771743,0.3941414625727923
2100,3944200750.6198807,67353813.35846731,64567688.466509715,17.076669677090297,16.370284513627276,61.04314277523308,1.2608695652173914,2.0,0.9605858537427208,0.9,600.0,1600.0,1200.0,4.0,208.0,199.6065929041178,1190.0,1115.000000000112,61.99397852641008,2.3302828513815657,2.1378151260504197,1.0900301073679497,12.062588566513986,1.0,2.3302828513815657,0.39442007506198806
